user_id,location,lat,lon
19521541,"UT: 40.735051,-74.228224",40.735051,-74.228224
33890321,"UT: 40.709022,-73.784337",40.709022,-73.784337
18710552,"UT: 40.647863,-73.922868",40.647863,-73.922868
60443903,"UT: 40.824584,-73.944458",40.824584,-73.944458
27025453,"UT: 40.694453,-73.863182",40.694453,-73.863182
27787319,"UT: 40.794021,-73.933293",40.794021,-73.933293
40869957,"UT: 40.584613,-73.926716",40.584613,-73.926716
74891335,"UT: 40.639342,-73.891641",40.639342,-73.891641
25518157,"UT: 40.879546,-73.883708",40.879546,-73.883708
67346522,"UT: 40.793071,-73.941371",40.793071,-73.941371
25075814,"UT: 40.717172,-73.783083",40.717172,-73.783083
18202735,"UT: 40.697557,-73.944933",40.697557,-73.944933
32465031,"UT: 40.651147,-73.934083",40.651147,-73.934083
26009737,"UT: 40.660646,-73.889982",40.660646,-73.889982
26869903,"UT: 40.627034,-74.047799",40.627034,-74.047799
34521247,"UT: 40.697247,-73.943149",40.697247,-73.943149
26024646,"UT: 40.858568,-73.909492",40.858568,-73.909492
37683386,"UT: 40.683796,-73.852985",40.683796,-73.852985
26411199,"UT: 40.74721,-73.891338",40.74721,-73.891338
27485300,"UT: 40.716105,-73.764395",40.716105,-73.764395
25602828,"UT: 40.677224,-73.770553",40.677224,-73.770553
22454476,"UT: 40.679648,-73.954631",40.679648,-73.954631
44961828,"UT: 40.669633,-73.917336",40.669633,-73.917336
31318260,"UT: 40.890189,-73.839345",40.890189,-73.839345
50544681,"UT: 40.764068,-73.976541 ",40.764068,-73.976541
34537733,"UT: 40.882055,-73.900571",40.882055,-73.900571
18587955,"UT: 40.751184,-73.990657",40.751184,-73.990657
24909963,"UT: 40.898076,-73.964037",40.898076,-73.964037
40542256,"UT: 40.720321,-74.234056",40.720321,-74.234056
27001124,"UT: 40.762975,-73.974022",40.762975,-73.974022
23078278,"UT: 40.751507,-74.003977",40.751507,-74.003977
56918316,"UT: 40.823799,-73.906574",40.823799,-73.906574
30761268,"UT: 40.663531,-73.956847",40.663531,-73.956847
38977847,"UT: 40.750668,-73.987071",40.750668,-73.987071
30507326,"UT: 40.781794,-74.031355",40.781794,-74.031355
62888929,"UT: 40.659276,-73.940134",40.659276,-73.940134
15851872,"UT: 40.734349,-74.002573",40.734349,-74.002573
31334757,"UT: 40.656974,-73.889733",40.656974,-73.889733
19480940,"UT: 40.665044,-73.78673",40.665044,-73.78673
17891705,"UT: 40.812204,-73.952621",40.812204,-73.952621
18260354,"UT: 40.759206,-73.981505",40.759206,-73.981505
84189575,"UT: 40.710284,-73.728166",40.710284,-73.728166
26517902,"UT: 40.760445,-73.989826",40.760445,-73.989826
29614483,"UT: 40.70276,-73.724931",40.70276,-73.724931
19030423,"UT: 40.87736,-73.868508",40.87736,-73.868508
21332380,"UT: 40.726701,-73.847216",40.726701,-73.847216
73507235,"UT: 40.661433,-73.920437",40.661433,-73.920437
28264918,"UT: 40.734864,-73.86816",40.734864,-73.86816
26076574,"UT: 40.692781,-73.797033",40.692781,-73.797033
21838580,"UT: 40.702694,-73.724906",40.702694,-73.724906
49373105,"UT: 40.733543,-74.07219",40.733543,-74.07219
35340757,"UT: 40.652616,-73.905725",40.652616,-73.905725
65708509,"UT: 40.757411,-73.985888",40.757411,-73.985888
17285605,"UT: 40.753071,-73.978241",40.753071,-73.978241
86196721,"UT: 40.76872,-73.980912",40.76872,-73.980912
26665460,"UT: 40.736664,-73.891023",40.736664,-73.891023
54075476,"UT: 40.75862,-73.87807",40.75862,-73.87807
29123068,"UT: 40.725967,-73.99846",40.725967,-73.99846
33702400,"UT: 40.656593,-73.916583",40.656593,-73.916583
25076231,"UT: 40.663134,-73.845049",40.663134,-73.845049
30339159,"UT: 40.669319,-73.939217",40.669319,-73.939217
48464399,"UT: 40.831988,-73.895413",40.831988,-73.895413
30131634,"UT: 40.623387,-73.917237",40.623387,-73.917237
56222262,"UT: 40.74514,-73.998229",40.74514,-73.998229
15589951,"UT: 40.803839,-73.947669",40.803839,-73.947669
30097984,"UT: 40.775576,-74.240717",40.775576,-74.240717
72720977,"UT: 40.702597,-73.947895",40.702597,-73.947895
38593112,"UT: 40.667246,-73.930751",40.667246,-73.930751
85181028,"UT: 40.757021,-73.907572",40.757021,-73.907572
78233702,"UT: 40.896264,-74.026513",40.896264,-74.026513
14148198,"UT: 40.807685,-73.974995",40.807685,-73.974995
27796072,"UT: 40.70466,-73.77563",40.70466,-73.77563
27574891,"UT: 40.872457,-73.861001",40.872457,-73.861001
34095732,"UT: 40.868804,-74.164397",40.868804,-74.164397
23855745,"UT: 40.777828,-74.237686",40.777828,-74.237686
30515843,"UT: 40.660423,-73.714608",40.660423,-73.714608
34800262,"UT: 40.875987,-73.854171",40.875987,-73.854171
32817801,"UT: 40.607315,-73.747455",40.607315,-73.747455
29942414,"UT: 40.710699,-74.246082",40.710699,-74.246082
21446190,"UT: 40.580444,-74.105742",40.580444,-74.105742
21840537,"UT: 40.793805,-73.933188",40.793805,-73.933188
64004767,"UT: 40.676944,-73.873921",40.676944,-73.873921
58926229,"UT: 40.674398,-74.27148",40.674398,-74.27148
41263779,"UT: 40.669955,-73.929397",40.669955,-73.929397
49390246,"UT: 40.750242,-73.988922",40.750242,-73.988922
860841,"UT: 40.779113,-73.953679",40.779113,-73.953679
37044339,"UT: 40.832539,-73.850493",40.832539,-73.850493
9220072,"UT: 40.75,-73.997",40.75,-73.997
29991606,"UT: 40.640357,-73.947611",40.640357,-73.947611
18145999,"UT: 40.617878,-73.929734",40.617878,-73.929734
35912388,"UT: 40.714269,-74.005972",40.714269,-74.005972
24871638,"UT: 40.842854,-73.837873",40.842854,-73.837873
40592091,"UT: 40.742261,-74.21751",40.742261,-74.21751
40846049,"UT: 40.89721,-73.773906",40.89721,-73.773906
17572584,"UT: 40.817564,-73.913264",40.817564,-73.913264
26239721,"UT: 40.731386,-73.996572",40.731386,-73.996572
38781695,"UT: 40.623775,-73.938697",40.623775,-73.938697
23012106,"UT: 40.692087,-73.90271",40.692087,-73.90271
17908493,"UT: 40.646144,-73.950741",40.646144,-73.950741
90792735,"UT: 40.871391,-73.907296",40.871391,-73.907296
33219362,"UT: 40.685048,-73.976057",40.685048,-73.976057
50373424,"UT: 40.665566,-73.900051",40.665566,-73.900051
31056691,"UT: 40.665338,-73.740424",40.665338,-73.740424
25256765,"UT: 40.679492,-73.844074",40.679492,-73.844074
34513037,"UT: 40.821753,-73.938758",40.821753,-73.938758
47833938,"UT: 40.781175,-73.952751",40.781175,-73.952751
76759892,"UT: 40.640847,-73.925409",40.640847,-73.925409
23094115,"UT: 40.681943,-73.98013",40.681943,-73.98013
18108562,"UT: 40.645435,-73.949953",40.645435,-73.949953
25909082,"UT: 40.862466,-73.893116",40.862466,-73.893116
15111759,"UT: 40.680884,-74.003564",40.680884,-74.003564
47522684,"UT: 40.863076,-73.900751",40.863076,-73.900751
19185772,"UT: 40.706413,-74.010574",40.706413,-74.010574
23610251,"UT: 40.717859,-73.999753",40.717859,-73.999753
76784529,"UT: 40.727425,-74.070215",40.727425,-74.070215
84894615,"UT: 40.648546,-74.249122",40.648546,-74.249122
34972595,"UT: 40.691344,-73.72572",40.691344,-73.72572
52334752,"UT: 40.664941,-73.868314",40.664941,-73.868314
24077253,"UT: 40.739508,-73.773077",40.739508,-73.773077
30933958,"UT: 40.73355,-74.072139",40.73355,-74.072139
83718305,"UT: 40.714269,-74.005972",40.714269,-74.005972
20898760,"UT: 40.643011,-73.958134",40.643011,-73.958134
29752422,"UT: 40.748962,-74.052858",40.748962,-74.052858
71091191,"UT: 40.798041,-73.946943",40.798041,-73.946943
74097659,"UT: 40.689599,-73.94375",40.689599,-73.94375
41536767,"UT: 40.824798,-73.956662",40.824798,-73.956662
30019755,"UT: 40.667732,-73.883715",40.667732,-73.883715
25157249,"UT: 40.685287,-73.92258",40.685287,-73.92258
28869642,"UT: 40.712901,-73.780313",40.712901,-73.780313
84943890,"UT: 40.872799,-73.981523",40.872799,-73.981523
30811155,"UT: 40.636979,-74.232541",40.636979,-74.232541
66683930,"UT: 40.803719,-73.918235",40.803719,-73.918235
34087966,"UT: 40.662038,-73.920347",40.662038,-73.920347
21283872,"UT: 40.866148,-73.926424",40.866148,-73.926424
31597616,"UT: 40.845187,-73.924551",40.845187,-73.924551
19883060,"UT: 40.587806,-73.818986",40.587806,-73.818986
69534794,"UT: 40.710198,-73.902782",40.710198,-73.902782
42542174,"UT: 40.813678,-73.959848",40.813678,-73.959848
57705568,"UT: 40.692326,-73.988434",40.692326,-73.988434
100336267,"UT: 40.733902,-73.990745",40.733902,-73.990745
84526183,"UT: 40.676735,-73.738747",40.676735,-73.738747
37332072,"UT: 40.656699,-73.900927",40.656699,-73.900927
29892797,"UT: 40.796294,-74.002478",40.796294,-74.002478
40117365,"UT: 40.672254,-73.927028",40.672254,-73.927028
46728724,"UT: 40.862106,-74.124264",40.862106,-74.124264
66864250,"UT: 40.799882,-73.955924",40.799882,-73.955924
28959869,"UT: 40.797871,-73.952899",40.797871,-73.952899
27549889,"UT: 40.748272,-73.897154",40.748272,-73.897154
27067540,"UT: 40.74131,-74.229516",40.74131,-74.229516
26102638,"UT: 40.827338,-74.13426",40.827338,-74.13426
21210271,"UT: 40.74498,-73.994569",40.74498,-73.994569
66446500,"UT: 40.632623,-73.90549",40.632623,-73.90549
21071022,"UT: 40.849436,-73.940544",40.849436,-73.940544
34964655,"UT: 40.741546,-74.191248",40.741546,-74.191248
51520697,"UT: 40.667402,-73.786648",40.667402,-73.786648
26256577,"UT: 40.742203,-73.996962",40.742203,-73.996962
30811332,"UT: 40.786352,-74.046953",40.786352,-74.046953
27140219,"UT: 40.74706,-74.033853",40.74706,-74.033853
17343689,"UT: 40.641203,-73.952766",40.641203,-73.952766
82773195,"UT: 40.773607,-73.8381",40.773607,-73.8381
45779832,"UT: 40.835592,-73.925409",40.835592,-73.925409
89638098,"UT: 40.684905,-73.954569",40.684905,-73.954569
24650968,"UT: 40.729439,-74.007384",40.729439,-74.007384
53761572,"UT: 40.716063,-73.805143",40.716063,-73.805143
25396457,"UT: 40.776923,-74.175868",40.776923,-74.175868
30189095,"UT: 40.688156,-73.913441",40.688156,-73.913441
42560539,"UT: 40.786991,-73.946803",40.786991,-73.946803
70534387,"UT: 40.679805,-73.915028",40.679805,-73.915028
19096822,"UT: 40.735864,-73.990749",40.735864,-73.990749
61310199,"UT: 40.691789,-73.74387",40.691789,-73.74387
18605308,"UT: 40.708207,-73.78954",40.708207,-73.78954
81110274,"UT: 40.825518,-73.933073",40.825518,-73.933073
21447943,"UT: 40.752021,-73.772315",40.752021,-73.772315
66004233,"UT: 40.644799,-73.929523",40.644799,-73.929523
39855384,"UT: 40.724189,-73.999254",40.724189,-73.999254
18810140,"UT: 40.808713,-73.944086",40.808713,-73.944086
35743007,"UT: 40.812585,-73.955449",40.812585,-73.955449
26453285,"UT: 40.724625,-73.997545",40.724625,-73.997545
26191146,"UT: 40.876493,-73.904482",40.876493,-73.904482
38580446,"UT: 40.614585,-73.772755",40.614585,-73.772755
53912889,"UT: 40.651276,-73.96417",40.651276,-73.96417
24298811,"UT: 40.716776,-74.00425",40.716776,-74.00425
33408319,"UT: 40.658785,-73.867123",40.658785,-73.867123
27116867,"UT: 40.850966,-73.883226",40.850966,-73.883226
30264174,"UT: 40.697664,-73.969686",40.697664,-73.969686
28988301,"UT: 40.664532,-73.724428",40.664532,-73.724428
16106826,"UT: 40.75,-73.997",40.75,-73.997
39691598,"UT: 40.674947,-73.906012",40.674947,-73.906012
14663910,"UT: 40.647398,-73.962582",40.647398,-73.962582
29156713,"UT: 40.8597,-73.930881",40.8597,-73.930881
27526507,"UT: 40.66425,-73.871848",40.66425,-73.871848
40420732,"UT: 40.665209,-73.932486",40.665209,-73.932486
24929662,"UT: 40.704283,-73.791365",40.704283,-73.791365
76703112,"UT: 40.760621,-73.900209",40.760621,-73.900209
32204177,"UT: 40.681261,-73.822521",40.681261,-73.822521
35038610,"UT: 40.604975,-73.994907",40.604975,-73.994907
41674132,"UT: 40.62082,-73.809726",40.62082,-73.809726
32286118,"UT: 40.844199,-73.904555",40.844199,-73.904555
37569968,"UT: 40.79834,-73.941179",40.79834,-73.941179
40014789,"UT: 40.835615,-73.925511",40.835615,-73.925511
31294920,"UT: 40.725606,-73.996555",40.725606,-73.996555
21030356,"UT: 40.77846,-74.009524",40.77846,-74.009524
21890523,"UT: 40.634388,-73.948267",40.634388,-73.948267
18957801,"UT: 40.633639,-73.971078",40.633639,-73.971078
47785455,"UT: 40.66758,-73.895141",40.66758,-73.895141
33662450,"UT: 40.707033,-74.209861",40.707033,-74.209861
60941816,"UT: 40.666947,-73.759147",40.666947,-73.759147
23042986,"UT: 40.75,-73.997",40.75,-73.997
36980230,"UT: 40.660615,-73.885309",40.660615,-73.885309
98168529,"UT: 40.873598,-74.053206",40.873598,-74.053206
30098973,"UT: 40.736029,-74.038233",40.736029,-74.038233
29535063,"UT: 40.847891,-73.935596",40.847891,-73.935596
59227464,"UT: 40.714269,-74.005972",40.714269,-74.005972
21905670,"UT: 40.731167,-74.03968",40.731167,-74.03968
19826219,"UT: 40.704158,-73.908663",40.704158,-73.908663
24788891,"UT: 40.668424,-73.948499",40.668424,-73.948499
33408560,"UT: 40.728629,-74.000801",40.728629,-74.000801
46196288,"UT: 40.709535,-73.749816",40.709535,-73.749816
36995340,"UT: 40.65542,-73.914157",40.65542,-73.914157
23017170,"UT: 40.769571,-73.946094",40.769571,-73.946094
24962660,"UT: 40.729527,-74.010492",40.729527,-74.010492
19893179,"UT: 40.696133,-74.242518",40.696133,-74.242518
24307300,"UT: 40.660196,-73.859771",40.660196,-73.859771
25577063,"UT: 40.618883,-73.92164",40.618883,-73.92164
39044717,"UT: 40.813996,-73.940152",40.813996,-73.940152
18089587,"UT: 40.810475,-73.932817",40.810475,-73.932817
30156412,"UT: 40.770151,-73.954277",40.770151,-73.954277
39543973,"UT: 40.759099,-73.985194",40.759099,-73.985194
23537283,"UT: 40.863398,-73.908771",40.863398,-73.908771
22218373,"UT: 40.897124,-73.774601",40.897124,-73.774601
74022047,"UT: 40.669982,-74.107517",40.669982,-74.107517
39228621,"UT: 40.840755,-73.87538",40.840755,-73.87538
31663775,"UT: 40.682436,-73.947192",40.682436,-73.947192
23258809,"UT: 40.717826,-74.244969",40.717826,-74.244969
33769147,"UT: 40.613707,-74.070188",40.613707,-74.070188
38913729,"UT: 40.850277,-73.913774",40.850277,-73.913774
34064071,"UT: 40.677644,-73.807723",40.677644,-73.807723
39012040,"UT: 40.824675,-73.966704",40.824675,-73.966704
21235406,"UT: 40.750332,-74.006249",40.750332,-74.006249
37717717,"UT: 40.820536,-73.89201",40.820536,-73.89201
54451554,"UT: 40.724713,-73.997455",40.724713,-73.997455
24651494,"UT: 40.718401,-74.287526",40.718401,-74.287526
15599372,"UT: 40.733206,-73.993751",40.733206,-73.993751
34105120,"UT: 40.671813,-73.877955",40.671813,-73.877955
19895945,"UT: 40.714269,-74.005972",40.714269,-74.005972
34408253,"UT: 40.65395,-73.882216",40.65395,-73.882216
44500806,"UT: 40.658788,-73.855311",40.658788,-73.855311
23390023,"UT: 40.809846,-73.938299",40.809846,-73.938299
33105737,"UT: 40.572954,-74.170184",40.572954,-74.170184
22898511,"UT: 40.799294,-73.966334",40.799294,-73.966334
41715540,"UT: 40.664781,-73.894136",40.664781,-73.894136
76466005,"UT: 40.776207,-74.043392",40.776207,-74.043392
23856982,"UT: 40.655947,-73.981268",40.655947,-73.981268
59287383,"UT: 40.70902,-74.187945",40.70902,-74.187945
42747737,"UT: 40.677918,-73.937392",40.677918,-73.937392
53938010,"UT: 40.822865,-73.94193",40.822865,-73.94193
34482881,"UT: 40.802693,-73.958477",40.802693,-73.958477
23619641,"UT: 40.714269,-74.005972",40.714269,-74.005972
47187825,"UT: 40.756611,-73.85348",40.756611,-73.85348
56485751,"UT: 40.684156,-73.942656",40.684156,-73.942656
74819451,"UT: 40.75,-73.997",40.75,-73.997
17968106,"UT: 40.764726,-73.984339",40.764726,-73.984339
25413507,"UT: 40.659036,-73.7998",40.659036,-73.7998
36603781,"UT: 40.621812,-73.924524",40.621812,-73.924524
49511900,"UT: 40.66076,-73.894957",40.66076,-73.894957
25159887,"UT: 40.72451,-74.255841",40.72451,-74.255841
54316013,"UT: 40.7348,-73.814838",40.7348,-73.814838
25880470,"UT: 40.639223,-73.91996",40.639223,-73.91996
21710746,"UT: 40.679517,-73.898886",40.679517,-73.898886
17927218,"UT: 40.751205,-74.05847",40.751205,-74.05847
51742644,"UT: 40.657431,-73.95263",40.657431,-73.95263
48547770,"UT: 40.636918,-73.88077",40.636918,-73.88077
31647685,"UT: 40.816697,-73.899674",40.816697,-73.899674
12601302,"UT: 40.64188,-73.97953",40.64188,-73.97953
25295866,"UT: 40.800754,-73.955345",40.800754,-73.955345
76109936,"UT: 40.669422,-73.743395",40.669422,-73.743395
29796346,"UT: 40.771456,-73.873131",40.771456,-73.873131
18401857,"UT: 40.727386,-73.990378",40.727386,-73.990378
44083218,"UT: 40.605602,-73.917848",40.605602,-73.917848
78202907,"UT: 40.709219,-73.959738",40.709219,-73.959738
37111452,"UT: 40.645305,-73.898057",40.645305,-73.898057
18895195,"UT: 40.68532,-73.954874",40.68532,-73.954874
29902892,"UT: 40.742826,-73.988567",40.742826,-73.988567
23267374,"UT: 40.721654,-73.756325",40.721654,-73.756325
49645615,"UT: 40.6662,-73.758265",40.6662,-73.758265
17287235,"UT: 40.703028,-73.98437",40.703028,-73.98437
28387398,"UT: 40.692564,-73.927634",40.692564,-73.927634
33826890,"UT: 40.711699,-74.090432",40.711699,-74.090432
21632816,"UT: 40.808451,-73.855954",40.808451,-73.855954
17516640,"UT: 40.648092,-73.783313",40.648092,-73.783313
53921891,"UT: 40.598333,-74.068514",40.598333,-74.068514
42526823,"UT: 40.617827,-74.250818",40.617827,-74.250818
26175594,"UT: 40.76095,-73.85817",40.76095,-73.85817
17606763,"UT: 40.67226,-73.978625",40.67226,-73.978625
36194413,"UT: 40.760748,-73.969188",40.760748,-73.969188
44443761,"UT: 40.693904,-73.951845",40.693904,-73.951845
23767154,"UT: 40.849051,-73.939155",40.849051,-73.939155
54028407,"UT: 40.885649,-73.859796",40.885649,-73.859796
38267010,"UT: 40.847916,-73.907199",40.847916,-73.907199
52488351,"UT: 40.680451,-73.971628",40.680451,-73.971628
65325220,"UT: 40.673217,-73.890928",40.673217,-73.890928
57493670,"UT: 40.679385,-73.990232",40.679385,-73.990232
33409191,"UT: 40.751141,-73.986918",40.751141,-73.986918
31467174,"UT: 40.696336,-73.837629",40.696336,-73.837629
19679411,"UT: 40.816786,-73.859884",40.816786,-73.859884
31295668,"UT: 40.896491,-73.980335",40.896491,-73.980335
32606411,"UT: 40.72787,-74.001624",40.72787,-74.001624
17361106,"UT: 40.669025,-73.982296",40.669025,-73.982296
33712342,"UT: 40.71203,-73.978917",40.71203,-73.978917
31483028,"UT: 40.680138,-73.782796",40.680138,-73.782796
26970368,"UT: 40.697676,-73.84466",40.697676,-73.84466
30173472,"UT: 40.833538,-73.873645",40.833538,-73.873645
32229682,"UT: 40.644579,-73.947956",40.644579,-73.947956
14494003,"UT: 40.808661,-73.944176",40.808661,-73.944176
42661082,"UT: 40.864664,-73.892626",40.864664,-73.892626
49179766,"UT: 40.626879,-73.941464",40.626879,-73.941464
81689653,"UT: 40.75018,-73.971671",40.75018,-73.971671
36415813,"UT: 40.763581,-74.217608",40.763581,-74.217608
76843336,"UT: 40.828703,-73.880274",40.828703,-73.880274
33753418,"UT: 40.824625,-73.93073",40.824625,-73.93073
23587895,"UT: 40.740238,-74.047575",40.740238,-74.047575
21522766,"UT: 40.764289,-73.986926",40.764289,-73.986926
42264913,"UT: 40.685425,-74.099847",40.685425,-74.099847
24430930,"UT: 40.705518,-74.004039",40.705518,-74.004039
53954276,"UT: 40.77284,-74.033048",40.77284,-74.033048
36579682,"UT: 40.801596,-73.917299",40.801596,-73.917299
20028475,"UT: 40.778173,-74.238244",40.778173,-74.238244
23608862,"UT: 40.80181,-73.950869",40.80181,-73.950869
75377028,"UT: 40.663073,-73.773933",40.663073,-73.773933
28821894,"UT: 40.627265,-73.926379",40.627265,-73.926379
18860445,"UT: 40.684086,-73.882735",40.684086,-73.882735
50460144,"UT: 40.664452,-73.75979",40.664452,-73.75979
26831273,"UT: 40.6862,-73.953686",40.6862,-73.953686
24685014,"UT: 40.817064,-73.945413",40.817064,-73.945413
32303593,"UT: 40.648846,-73.86948",40.648846,-73.86948
22047223,"UT: 40.77485,-73.8226",40.77485,-73.8226
23538168,"UT: 40.626274,-74.211659",40.626274,-74.211659
26336343,"UT: 40.669365,-73.923821",40.669365,-73.923821
26015627,"UT: 40.883191,-73.879169",40.883191,-73.879169
26970657,"UT: 40.821529,-73.867502",40.821529,-73.867502
24807974,"UT: 40.746813,-74.229018",40.746813,-74.229018
26077736,"UT: 40.686218,-73.938007",40.686218,-73.938007
23128617,"UT: 40.858052,-73.899569",40.858052,-73.899569
48278062,"UT: 40.693846,-73.742387",40.693846,-73.742387
39430704,"UT: 40.739617,-73.938522",40.739617,-73.938522
67719166,"UT: 40.656989,-73.96134",40.656989,-73.96134
32295498,"UT: 40.712902,-73.754222",40.712902,-73.754222
70781516,"UT: 40.687019,-73.935283",40.687019,-73.935283
25779298,"UT: 40.81132,-73.947165",40.81132,-73.947165
64621134,"UT: 40.676375,-73.912532",40.676375,-73.912532
33253977,"UT: 40.674101,-73.793177",40.674101,-73.793177
23096584,"UT: 40.762031,-74.2269",40.762031,-74.2269
26364530,"UT: 40.715472,-73.900202",40.715472,-73.900202
40030659,"UT: 40.6913,-73.915803",40.6913,-73.915803
23543404,"UT: 40.681491,-73.728607",40.681491,-73.728607
14527145,"UT: 40.745265,-74.266316",40.745265,-74.266316
19163824,"UT: 40.739058,-73.98864",40.739058,-73.98864
14895797,"UT: 40.862053,-74.201409",40.862053,-74.201409
34787773,"UT: 40.673931,-73.727377",40.673931,-73.727377
19513316,"UT: 40.86897,-74.116017",40.86897,-74.116017
26503871,"UT: 40.58739,-74.22577",40.58739,-74.22577
22104799,"UT: 40.762213,-74.044166",40.762213,-74.044166
34982627,"UT: 40.822051,-73.891353",40.822051,-73.891353
29622738,"UT: 40.752303,-74.193219",40.752303,-74.193219
36735733,"UT: 40.692948,-73.750587",40.692948,-73.750587
70825620,"UT: 40.674726,-73.876308",40.674726,-73.876308
40049795,"UT: 40.661414,-74.21684",40.661414,-74.21684
39406368,"UT: 40.682617,-73.87611",40.682617,-73.87611
14052137,"UT: 40.752018,-73.920732",40.752018,-73.920732
39636486,"UT: 40.660646,-73.928637",40.660646,-73.928637
36277066,"UT: 40.719235,-73.789367",40.719235,-73.789367
69725009,"UT: 40.697572,-73.769295",40.697572,-73.769295
18828137,"UT: 40.845009,-73.916126",40.845009,-73.916126
27330365,"UT: 40.712993,-73.955453",40.712993,-73.955453
45067120,"UT: 40.677195,-73.924998",40.677195,-73.924998
53980032,"UT: 40.729266,-74.224385",40.729266,-74.224385
42978205,"UT: 40.695236,-74.247852",40.695236,-74.247852
49834914,"UT: 40.876546,-74.073181",40.876546,-74.073181
61491015,"UT: 40.6334,-73.942271",40.6334,-73.942271
17197998,"UT: 40.752008,-73.973448",40.752008,-73.973448
25832377,"UT: 40.572301,-73.996004",40.572301,-73.996004
27691986,"UT: 40.653857,-73.916457",40.653857,-73.916457
89353173,"UT: 40.644093,-74.018",40.644093,-74.018
16977060,"UT: 40.680286,-74.209169",40.680286,-74.209169
18454352,"UT: 40.677315,-73.926651",40.677315,-73.926651
19453385,"UT: 40.736668,-74.030563",40.736668,-74.030563
25011258,"UT: 40.676284,-73.916341",40.676284,-73.916341
43469812,"UT: 40.670136,-73.922878",40.670136,-73.922878
29658114,"UT: 40.818638,-73.947244",40.818638,-73.947244
42552328,"UT: 40.633584,-74.015571",40.633584,-74.015571
55405587,"UT: 40.663845,-73.726769",40.663845,-73.726769
37112852,"UT: 40.726142,-74.222879",40.726142,-74.222879
62327836,"UT: 40.689747,-73.920618",40.689747,-73.920618
21686908,"UT: 40.70466,-73.77563",40.70466,-73.77563
55725103,"UT: 40.799304,-73.945219",40.799304,-73.945219
27503666,"UT: 40.757282,-73.98949",40.757282,-73.98949
70555488,"UT: 40.663384,-73.718546",40.663384,-73.718546
60419139,"UT: 40.713176,-73.764362",40.713176,-73.764362
61099103,"UT: 40.676242,-73.741412",40.676242,-73.741412
29625440,"UT: 40.715215,-73.952117",40.715215,-73.952117
43125857,"UT: 40.595053,-73.753492",40.595053,-73.753492
47213667,"UT: 40.816309,-73.91127",40.816309,-73.91127
66393958,"UT: 40.838981,-73.920426",40.838981,-73.920426
85658726,"UT: 40.803264,-73.935879",40.803264,-73.935879
31181929,"UT: 40.680082,-73.96154",40.680082,-73.96154
62688371,"UT: 40.812228,-73.941531",40.812228,-73.941531
65979105,"UT: 40.624501,-73.965954",40.624501,-73.965954
29838461,"UT: 40.807467,-73.918428",40.807467,-73.918428
27962495,"UT: 40.833584,-73.908837",40.833584,-73.908837
66834967,"UT: 40.810281,-73.951605",40.810281,-73.951605
100009838,"UT: 40.554025,-74.269933",40.554025,-74.269933
24652959,"UT: 40.745633,-74.259707",40.745633,-74.259707
55141184,"UT: 40.738402,-73.885786",40.738402,-73.885786
50293931,"UT: 40.83231,-73.859805",40.83231,-73.859805
85929144,"UT: 40.682875,-73.906863",40.682875,-73.906863
49686388,"UT: 40.750763,-74.007983",40.750763,-74.007983
98490100,"UT: 40.877382,-73.86848",40.877382,-73.86848
4041931,"UT: 40.723182,-73.988898",40.723182,-73.988898
23923924,"UT: 40.716711,-73.991735",40.716711,-73.991735
14494946,"UT: 40.676552,-73.975892",40.676552,-73.975892
24718569,"UT: 40.836632,-73.878321",40.836632,-73.878321
61787378,"UT: 40.672523,-73.854765",40.672523,-73.854765
21703924,"UT: 40.717933,-73.953733",40.717933,-73.953733
16364075,"UT: 40.756306,-73.983008",40.756306,-73.983008
47435018,"UT: 40.676845,-74.012868",40.676845,-74.012868
35122392,"UT: 40.884329,-74.021431",40.884329,-74.021431
36998418,"UT: 40.638386,-73.963276",40.638386,-73.963276
20557076,"UT: 40.700645,-73.804447",40.700645,-73.804447
42896675,"UT: 40.69125,-73.91575",40.69125,-73.91575
44567855,"UT: 40.763723,-73.997255",40.763723,-73.997255
57412920,"UT: 40.760934,-73.969231",40.760934,-73.969231
14503230,"UT: 40.641192,-73.970647",40.641192,-73.970647
15832971,"UT: 40.632639,-73.935226",40.632639,-73.935226
56888648,"UT: 40.715172,-73.810984",40.715172,-73.810984
30346577,"UT: 40.876334,-73.907883",40.876334,-73.907883
54758745,"UT: 40.7538,-73.931323",40.7538,-73.931323
75836763,"UT: 40.64872,-73.946506",40.64872,-73.946506
33738087,"UT: 40.813695,-73.921689",40.813695,-73.921689
35941744,"UT: 40.844961,-73.917398",40.844961,-73.917398
31329649,"UT: 40.61327,-74.11968",40.61327,-74.11968
7012262,"UT: 40.553768,-74.284237",40.553768,-74.284237
73018603,"UT: 40.637325,-73.972323",40.637325,-73.972323
57159050,"UT: 40.800253,-73.963252",40.800253,-73.963252
37309846,"UT: 40.849869,-73.911111",40.849869,-73.911111
37772528,"UT: 40.57632,-73.93377",40.57632,-73.93377
28315049,"UT: 40.58313,-73.952544",40.58313,-73.952544
35671467,"UT: 40.594791,-73.978292",40.594791,-73.978292
100923431,"UT: 40.649642,-73.948499",40.649642,-73.948499
18967998,"UT: 40.813747,-73.940598",40.813747,-73.940598
36736448,"UT: 40.673766,-73.910257",40.673766,-73.910257
35704621,"UT: 40.714269,-74.005972",40.714269,-74.005972
76475866,"UT: 40.892931,-73.858169",40.892931,-73.858169
23973339,"UT: 40.894188,-73.863015",40.894188,-73.863015
34844126,"UT: 40.761548,-73.979376",40.761548,-73.979376
77082079,"UT: 40.752663,-73.760112",40.752663,-73.760112
25682512,"UT: 40.743858,-73.888967",40.743858,-73.888967
44256738,"UT: 40.665281,-73.719391",40.665281,-73.719391
34475501,"UT: 40.754512,-73.983507",40.754512,-73.983507
29052408,"UT: 40.697769,-73.920079",40.697769,-73.920079
28232959,"UT: 40.714269,-74.005972",40.714269,-74.005972
44140458,"UT: 40.819286,-73.933382",40.819286,-73.933382
29355529,"UT: 40.799776,-73.94036",40.799776,-73.94036
37563920,"UT: 40.744518,-73.996513",40.744518,-73.996513
24798506,"UT: 40.667435,-73.914039",40.667435,-73.914039
29380125,"UT: 40.641519,-73.942818",40.641519,-73.942818
37146147,"UT: 40.801894,-73.953267",40.801894,-73.953267
38080044,"UT: 40.712707,-73.823823",40.712707,-73.823823
42488413,"UT: 40.716849,-73.738046",40.716849,-73.738046
23940662,"UT: 40.837454,-73.887563",40.837454,-73.887563
15167032,"UT: 40.812011,-73.818155",40.812011,-73.818155
24440384,"UT: 40.870635,-73.87965",40.870635,-73.87965
60454456,"UT: 40.767122,-73.817175",40.767122,-73.817175
38063689,"UT: 40.715212,-74.005332",40.715212,-74.005332
85691996,"UT: 40.82604,-73.918114",40.82604,-73.918114
31534687,"UT: 40.651817,-73.963295",40.651817,-73.963295
78753381,"UT: 40.849094,-73.905779",40.849094,-73.905779
28528232,"UT: 40.67026,-73.929761",40.67026,-73.929761
27446890,"UT: 40.750033,-73.994728",40.750033,-73.994728
16198727,"UT: 40.774842,-73.980541",40.774842,-73.980541
37463997,"UT: 40.68583,-73.966997",40.68583,-73.966997
58740343,"UT: 40.651799,-74.028749",40.651799,-74.028749
39567417,"UT: 40.620221,-73.916637",40.620221,-73.916637
61296252,"UT: 40.736207,-73.857197",40.736207,-73.857197
18427520,"UT: 40.693642,-73.951041",40.693642,-73.951041
71429761,"UT: 40.61965,-73.938402",40.61965,-73.938402
27774594,"UT: 40.824197,-73.903283",40.824197,-73.903283
77377159,"UT: 40.714533,-73.747903",40.714533,-73.747903
65311635,"UT: 40.64946,-74.012464",40.64946,-74.012464
69357205,"UT: 40.734837,-73.868078",40.734837,-73.868078
23907991,"UT: 40.744868,-73.97312",40.744868,-73.97312
36368066,"UT: 40.745947,-73.978285",40.745947,-73.978285
21369462,"UT: 40.843506,-73.939142",40.843506,-73.939142
37613273,"UT: 40.764748,-74.18264",40.764748,-74.18264
56848090,"UT: 40.864586,-73.855998",40.864586,-73.855998
35688155,"UT: 40.668934,-74.203595",40.668934,-74.203595
13823722,"UT: 40.706544,-73.916567",40.706544,-73.916567
17567467,"UT: 40.752095,-73.900564",40.752095,-73.900564
26140603,"UT: 40.52409,-74.250377",40.52409,-74.250377
77336323,"UT: 40.670852,-73.91558",40.670852,-73.91558
31231750,"UT: 40.671105,-73.897447",40.671105,-73.897447
59616556,"UT: 40.679705,-73.965051",40.679705,-73.965051
39096098,"UT: 40.791789,-73.961516",40.791789,-73.961516
25022255,"UT: 40.639635,-73.879876",40.639635,-73.879876
41373492,"UT: 40.677918,-73.937392",40.677918,-73.937392
30558175,"UT: 40.831358,-73.934123",40.831358,-73.934123
42807101,"UT: 40.899326,-73.837429",40.899326,-73.837429
22318918,"UT: 40.652496,-73.942074",40.652496,-73.942074
65392460,"UT: 40.753912,-73.988636",40.753912,-73.988636
24656241,"UT: 40.63345,-73.9356",40.63345,-73.9356
38342504,"UT: 40.89426,-74.267326",40.89426,-74.267326
36999019,"UT: 40.873471,-73.871207",40.873471,-73.871207
22842121,"UT: 40.755061,-73.983707",40.755061,-73.983707
39527955,"UT: 40.701817,-73.742426",40.701817,-73.742426
10235762,"UT: 40.746787,-73.976187",40.746787,-73.976187
43265915,"UT: 40.723782,-74.229619",40.723782,-74.229619
24448328,"UT: 40.707405,-73.726885",40.707405,-73.726885
25309107,"UT: 40.597498,-73.752387",40.597498,-73.752387
62074813,"UT: 40.702021,-73.816214",40.702021,-73.816214
30753546,"UT: 40.75,-73.997",40.75,-73.997
38600683,"UT: 40.712232,-74.250101",40.712232,-74.250101
23532537,"UT: 40.74079,-73.992447",40.74079,-73.992447
39588789,"UT: 40.763823,-73.823075",40.763823,-73.823075
71299044,"UT: 40.862967,-74.155248",40.862967,-74.155248
47710887,"UT: 40.663057,-73.882081",40.663057,-73.882081
26309464,"UT: 40.698375,-73.930573",40.698375,-73.930573
30956883,"UT: 40.796494,-74.005043",40.796494,-74.005043
22237172,"UT: 40.737005,-74.000912",40.737005,-74.000912
47986579,"UT: 40.657982,-73.899334",40.657982,-73.899334
35819518,"UT: 40.757512,-74.171704",40.757512,-74.171704
22958085,"UT: 40.807927,-73.94678",40.807927,-73.94678
52400156,"UT: 40.714269,-74.005972",40.714269,-74.005972
27021348,"UT: 40.760932,-73.861143",40.760932,-73.861143
28430374,"UT: 40.875538,-73.8594",40.875538,-73.8594
24784944,"UT: 40.822085,-73.945833",40.822085,-73.945833
55447606,"UT: 40.559566,-74.199982",40.559566,-74.199982
29782080,"UT: 40.675956,-73.89699",40.675956,-73.89699
17494083,"UT: 40.657879,-73.792285",40.657879,-73.792285
18739269,"UT: 40.741653,-73.978911",40.741653,-73.978911
22859846,"UT: 40.73028,-73.986201",40.73028,-73.986201
14372950,"UT: 40.715022,-73.993714",40.715022,-73.993714
82128992,"UT: 40.788927,-73.939118",40.788927,-73.939118
39612514,"UT: 40.706856,-73.945117",40.706856,-73.945117
36204647,"UT: 40.749275,-73.988022",40.749275,-73.988022
43733097,"UT: 40.62419,-73.931339",40.62419,-73.931339
54759532,"UT: 40.628511,-73.808899",40.628511,-73.808899
81594386,"UT: 40.705263,-73.981096",40.705263,-73.981096
18993296,"UT: 40.848829,-73.938941",40.848829,-73.938941
38514849,"UT: 40.712137,-73.980239",40.712137,-73.980239
16298155,"UT: 40.564952,-74.123723",40.564952,-74.123723
81219759,"UT: 40.68233,-73.980088",40.68233,-73.980088
55445115,"UT: 40.711566,-74.082733",40.711566,-74.082733
31150263,"UT: 40.702713,-74.193207",40.702713,-74.193207
29044922,"UT: 40.679984,-73.803703",40.679984,-73.803703
52113596,"UT: 40.698262,-73.789014",40.698262,-73.789014
24606752,"UT: 40.714269,-74.005972",40.714269,-74.005972
15569096,"UT: 40.791055,-73.935257",40.791055,-73.935257
19030734,"UT: 40.83487,-73.868166",40.83487,-73.868166
65156804,"UT: 40.631027,-73.897588",40.631027,-73.897588
17043692,"UT: 40.686884,-73.976553",40.686884,-73.976553
27953194,"UT: 40.671749,-73.9166",40.671749,-73.9166
71086334,"UT: 40.680654,-73.942881",40.680654,-73.942881
26751257,"UT: 40.629854,-73.947216",40.629854,-73.947216
36778270,"UT: 40.718982,-73.982796",40.718982,-73.982796
71913770,"UT: 40.690842,-73.892893",40.690842,-73.892893
30124338,"UT: 40.750279,-73.988941",40.750279,-73.988941
40767792,"UT: 40.685021,-73.917288",40.685021,-73.917288
44478775,"UT: 40.648862,-73.924239",40.648862,-73.924239
25528226,"UT: 40.795522,-73.947254",40.795522,-73.947254
23580999,"UT: 40.846815,-73.883827",40.846815,-73.883827
76386644,"UT: 40.72307,-73.979277",40.72307,-73.979277
35474830,"UT: 40.754451,-73.927328",40.754451,-73.927328
15803309,"UT: 40.666191,-73.905016",40.666191,-73.905016
33814590,"UT: 40.789859,-74.017925",40.789859,-74.017925
16052605,"UT: 40.71111,-74.006601",40.71111,-74.006601
31574080,"UT: 40.78366,-74.136129",40.78366,-74.136129
22843804,"UT: 40.748266,-74.163663",40.748266,-74.163663
19755422,"UT: 40.889968,-74.070721",40.889968,-74.070721
30282158,"UT: 40.634888,-73.94733",40.634888,-73.94733
28649544,"UT: 40.856823,-73.932593",40.856823,-73.932593
17661383,"UT: 40.7147,-74.013636",40.7147,-74.013636
52649376,"UT: 40.664786,-73.758594",40.664786,-73.758594
21418443,"UT: 40.853349,-73.892495",40.853349,-73.892495
25674715,"UT: 40.686988,-73.72426",40.686988,-73.72426
14569962,"UT: 40.700931,-73.890955",40.700931,-73.890955
72978943,"UT: 40.706954,-73.77578",40.706954,-73.77578
37736961,"UT: 40.684926,-73.908925",40.684926,-73.908925
35017235,"UT: 40.749927,-73.753611",40.749927,-73.753611
24932749,"UT: 40.896491,-73.980335",40.896491,-73.980335
27247370,"UT: 40.662909,-73.736019",40.662909,-73.736019
21992005,"UT: 40.706914,-73.990816",40.706914,-73.990816
24623202,"UT: 40.870139,-73.905771",40.870139,-73.905771
73796006,"UT: 40.683482,-73.760107",40.683482,-73.760107
33141359,"UT: 40.84946,-73.943159",40.84946,-73.943159
35869990,"UT: 40.815283,-73.942179",40.815283,-73.942179
73978512,"UT: 40.703354,-73.941496",40.703354,-73.941496
30426292,"UT: 40.730923,-73.998849",40.730923,-73.998849
73271257,"UT: 40.66682,-73.759299",40.66682,-73.759299
85447339,"UT: 40.592944,-73.789488",40.592944,-73.789488
25801394,"UT: 40.729664,-73.988164",40.729664,-73.988164
19083958,"UT: 40.664864,-73.910194",40.664864,-73.910194
38081215,"UT: 40.873738,-73.87191",40.873738,-73.87191
31355584,"UT: 40.786209,-73.939637",40.786209,-73.939637
58864324,"UT: 40.845205,-73.871196",40.845205,-73.871196
21230281,"UT: 40.82599,-73.921869",40.82599,-73.921869
54694623,"UT: 40.5933,-74.275197",40.5933,-74.275197
41923297,"UT: 40.676779,-73.953362",40.676779,-73.953362
34968293,"UT: 40.760619,-73.96412",40.760619,-73.96412
42758888,"UT: 40.886612,-74.059327",40.886612,-74.059327
23589612,"UT: 40.765083,-73.98224",40.765083,-73.98224
19206896,"UT: 40.644613,-73.745926",40.644613,-73.745926
82966146,"UT: 40.874388,-73.871096",40.874388,-73.871096
38910951,"UT: 40.841976,-73.846725",40.841976,-73.846725
24449788,"UT: 40.688104,-73.989741",40.688104,-73.989741
37696253,"UT: 40.635266,-73.913205",40.635266,-73.913205
61234645,"UT: 40.661122,-73.854653",40.661122,-73.854653
34616065,"UT: 40.830331,-73.909729",40.830331,-73.909729
63329033,"UT: 40.658833,-73.894849",40.658833,-73.894849
50148130,"UT: 40.686306,-73.915281",40.686306,-73.915281
36172584,"UT: 40.737268,-73.855341",40.737268,-73.855341
27374396,"UT: 40.660769,-73.903679",40.660769,-73.903679
28939071,"UT: 40.66214,-73.914453",40.66214,-73.914453
37483338,"UT: 40.570349,-73.988523",40.570349,-73.988523
28808027,"UT: 40.704872,-73.721798",40.704872,-73.721798
24466277,"UT: 40.677558,-73.927774",40.677558,-73.927774
21238647,"UT: 40.623183,-73.986983",40.623183,-73.986983
89248650,"UT: 40.732329,-73.945745",40.732329,-73.945745
16044941,"UT: 40.555328,-74.162233",40.555328,-74.162233
28095393,"UT: 40.84763,-73.886743",40.84763,-73.886743
42051740,"UT: 40.663827,-74.218486",40.663827,-74.218486
53810096,"UT: 40.757988,-74.029429",40.757988,-74.029429
42488756,"UT: 40.691124,-73.760772",40.691124,-73.760772
103945034,"UT: 40.800863,-73.997551",40.800863,-73.997551
24548299,"UT: 40.842115,-73.945562",40.842115,-73.945562
27292620,"UT: 40.637703,-73.94198",40.637703,-73.94198
47829965,"UT: 40.682362,-73.908066",40.682362,-73.908066
21864065,"UT: 40.75,-73.997",40.75,-73.997
33985511,"UT: 40.67625,-73.741447",40.67625,-73.741447
23098354,"UT: 40.826325,-73.867723",40.826325,-73.867723
29447160,"UT: 40.617159,-73.944221",40.617159,-73.944221
28234757,"UT: 40.714269,-74.005972",40.714269,-74.005972
39310343,"UT: 40.550201,-74.219197",40.550201,-74.219197
25654280,"UT: 40.890003,-73.86511",40.890003,-73.86511
23974930,"UT: 40.772095,-74.053634",40.772095,-74.053634
24900646,"UT: 40.665665,-74.17604",40.665665,-74.17604
20411431,"UT: 40.82521,-74.136482",40.82521,-74.136482
58715383,"UT: 40.709465,-73.956699",40.709465,-73.956699
41432153,"UT: 40.818786,-73.850886",40.818786,-73.850886
46412904,"UT: 40.786448,-74.012398",40.786448,-74.012398
22459509,"UT: 40.66942,-73.92295",40.66942,-73.92295
18404470,"UT: 40.680941,-73.717859",40.680941,-73.717859
14091113,"UT: 40.765507,-73.987252",40.765507,-73.987252
22221975,"UT: 40.719909,-74.006646",40.719909,-74.006646
25097394,"UT: 40.670381,-73.945325",40.670381,-73.945325
58725560,"UT: 40.812106,-73.956594",40.812106,-73.956594
38462324,"UT: 40.750036,-73.97676",40.750036,-73.97676
21623996,"UT: 40.690883,-73.982149",40.690883,-73.982149
48919744,"UT: 40.746707,-74.008039",40.746707,-74.008039
26285252,"UT: 40.871644,-73.980034",40.871644,-73.980034
55686344,"UT: 40.664731,-73.868257",40.664731,-73.868257
67755554,"UT: 40.826104,-73.857228",40.826104,-73.857228
29791438,"UT: 40.773616,-73.981753",40.773616,-73.981753
69383390,"UT: 40.766051,-73.931071",40.766051,-73.931071
76362981,"UT: 40.767911,-73.863333",40.767911,-73.863333
58995954,"UT: 40.801518,-73.94974",40.801518,-73.94974
27719247,"UT: 40.855816,-73.872217",40.855816,-73.872217
29619460,"UT: 40.678247,-73.945153",40.678247,-73.945153
34338064,"UT: 40.676812,-73.918043",40.676812,-73.918043
33597657,"UT: 40.748922,-73.995578",40.748922,-73.995578
18298146,"UT: 40.731136,-73.988357",40.731136,-73.988357
31216934,"UT: 40.819988,-73.916163",40.819988,-73.916163
72741767,"UT: 40.696176,-73.768253",40.696176,-73.768253
29734209,"UT: 40.776264,-74.043228",40.776264,-74.043228
48608585,"UT: 40.686114,-73.913977",40.686114,-73.913977
25622098,"UT: 40.652371,-73.941426",40.652371,-73.941426
29242717,"UT: 40.853837,-73.835779",40.853837,-73.835779
29772485,"UT: 40.732695,-74.058664",40.732695,-74.058664
61150580,"UT: 40.803462,-74.18553",40.803462,-74.18553
20125047,"UT: 40.679476,-73.995293",40.679476,-73.995293
39558720,"UT: 40.736475,-74.218539",40.736475,-74.218539
24360324,"UT: 40.718558,-73.764442",40.718558,-73.764442
15086992,"UT: 40.801168,-73.955477",40.801168,-73.955477
31551301,"UT: 40.824755,-73.945298",40.824755,-73.945298
27325855,"UT: 40.733059,-74.192897",40.733059,-74.192897
18749209,"UT: 40.74441,-73.995438",40.74441,-73.995438
69170604,"UT: 40.665158,-73.900897",40.665158,-73.900897
53990866,"UT: 40.878645,-73.880408",40.878645,-73.880408
25561284,"UT: 40.723815,-73.992202",40.723815,-73.992202
32683480,"UT: 40.726872,-74.037656",40.726872,-74.037656
10737142,"UT: 40.743764,-73.999161",40.743764,-73.999161
20927999,"UT: 40.564952,-74.123723",40.564952,-74.123723
60651012,"UT: 40.734378,-73.881143",40.734378,-73.881143
14841371,"UT: 40.753984,-74.104114",40.753984,-74.104114
24639005,"UT: 40.796139,-73.94308",40.796139,-73.94308
53155364,"UT: 40.852406,-74.03535",40.852406,-74.03535
22623786,"UT: 40.714269,-74.005972",40.714269,-74.005972
15400541,"UT: 40.738938,-73.990738",40.738938,-73.990738
48388361,"UT: 40.72967,-73.974974",40.72967,-73.974974
21718295,"UT: 40.74749,-74.004053",40.74749,-74.004053
53449469,"UT: 40.634018,-73.934667",40.634018,-73.934667
25908812,"UT: 40.651024,-73.920286",40.651024,-73.920286
16217679,"UT: 40.737492,-74.000405",40.737492,-74.000405
23189080,"UT: 40.757802,-73.987373",40.757802,-73.987373
24997477,"UT: 40.696133,-74.242518",40.696133,-74.242518
16406120,"UT: 40.687236,-73.944235",40.687236,-73.944235
30574867,"UT: 40.81403,-74.172526",40.81403,-74.172526
33797759,"UT: 40.693347,-73.796374",40.693347,-73.796374
45364872,"UT: 40.844289,-73.930235",40.844289,-73.930235
26866626,"UT: 40.756578,-73.974738",40.756578,-73.974738
25474702,"UT: 40.702775,-73.858196",40.702775,-73.858196
18988653,"UT: 40.887419,-74.054576",40.887419,-74.054576
34731668,"UT: 40.835525,-73.845006",40.835525,-73.845006
68753045,"UT: 40.597851,-73.773267",40.597851,-73.773267
26818213,"UT: 40.762055,-73.984251",40.762055,-73.984251
43167345,"UT: 40.674946,-73.95051",40.674946,-73.95051
32282285,"UT: 40.70183,-73.808091",40.70183,-73.808091
73275055,"UT: 40.781027,-73.952266",40.781027,-73.952266
27812809,"UT: 40.891426,-73.829745",40.891426,-73.829745
22255290,"UT: 40.763933,-73.931031",40.763933,-73.931031
38904778,"UT: 40.730812,-73.837023",40.730812,-73.837023
28068128,"UT: 40.703703,-73.931058",40.703703,-73.931058
60479186,"UT: 40.797784,-73.939955",40.797784,-73.939955
19756755,"UT: 40.776294,-74.164721",40.776294,-74.164721
21632733,"UT: 40.830708,-73.948686",40.830708,-73.948686
72054494,"UT: 40.824065,-73.87466",40.824065,-73.87466
30675924,"UT: 40.680429,-73.804437",40.680429,-73.804437
20194261,"UT: 40.682984,-73.933947",40.682984,-73.933947
21165825,"UT: 40.74151,-73.82404",40.74151,-73.82404
25741575,"UT: 40.710294,-74.009629",40.710294,-74.009629
25786161,"UT: 40.682794,-73.9661",40.682794,-73.9661
23140157,"UT: 40.658631,-73.947456",40.658631,-73.947456
66787140,"UT: 40.819457,-73.930462",40.819457,-73.930462
68048710,"UT: 40.641446,-74.239001",40.641446,-74.239001
29161296,"UT: 40.86104,-73.927362",40.86104,-73.927362
33781587,"UT: 40.573913,-74.10205",40.573913,-74.10205
26629978,"UT: 40.677321,-73.874525",40.677321,-73.874525
28006257,"UT: 40.634452,-74.07645",40.634452,-74.07645
15972212,"UT: 40.841894,-73.87385",40.841894,-73.87385
20121919,"UT: 40.738801,-73.98781",40.738801,-73.98781
33210006,"UT: 40.741807,-73.98347",40.741807,-73.98347
47847309,"UT: 40.880134,-73.865138",40.880134,-73.865138
14382995,"UT: 40.729496,-74.007436",40.729496,-74.007436
37099414,"UT: 40.693223,-73.825229",40.693223,-73.825229
28637081,"UT: 40.826627,-73.946488",40.826627,-73.946488
48543654,"UT: 40.683068,-73.770411",40.683068,-73.770411
33698801,"UT: 40.807506,-73.986336",40.807506,-73.986336
83892147,"UT: 40.899393,-73.818149",40.899393,-73.818149
31561660,"UT: 40.671477,-73.991115",40.671477,-73.991115
38198947,"UT: 40.688818,-73.785621",40.688818,-73.785621
20273673,"UT: 40.842107,-73.945563",40.842107,-73.945563
51099621,"UT: 40.724526,-74.005688",40.724526,-74.005688
34428907,"UT: 40.728423,-74.000381",40.728423,-74.000381
51284136,"UT: 40.84373,-73.896266",40.84373,-73.896266
19011585,"UT: 40.674244,-73.964141",40.674244,-73.964141
19123896,"UT: 40.754531,-73.909036",40.754531,-73.909036
58603533,"UT: 40.676915,-73.779565",40.676915,-73.779565
27508888,"UT: 40.761018,-73.968739",40.761018,-73.968739
16545845,"UT: 40.708487,-74.005494",40.708487,-74.005494
39499874,"UT: 40.797892,-73.939591",40.797892,-73.939591
39590509,"UT: 40.746178,-74.000468",40.746178,-74.000468
41310308,"UT: 40.791529,-73.91425",40.791529,-73.91425
20397756,"UT: 40.556178,-74.160554",40.556178,-74.160554
58218604,"UT: 40.749753,-73.994864",40.749753,-73.994864
22796398,"UT: 40.716232,-73.987315",40.716232,-73.987315
34748541,"UT: 40.683539,-73.965855",40.683539,-73.965855
24713355,"UT: 40.65833,-73.928641",40.65833,-73.928641
40007843,"UT: 40.718489,-74.000604",40.718489,-74.000604
26056868,"UT: 40.776279,-73.806917",40.776279,-73.806917
35199160,"UT: 40.712134,-74.008781",40.712134,-74.008781
35977402,"UT: 40.700644,-74.08237",40.700644,-74.08237
24893634,"UT: 40.839736,-73.937264",40.839736,-73.937264
26093942,"UT: 40.730749,-74.000663",40.730749,-74.000663
38802465,"UT: 40.728776,-73.984851",40.728776,-73.984851
77691105,"UT: 40.859282,-73.886789",40.859282,-73.886789
62822629,"UT: 40.667576,-73.962826",40.667576,-73.962826
25196775,"UT: 40.751833,-74.227843",40.751833,-74.227843
30464236,"UT: 40.782065,-74.227825",40.782065,-74.227825
41029331,"UT: 40.714269,-74.005972",40.714269,-74.005972
33159420,"UT: 40.700796,-73.949157",40.700796,-73.949157
27687167,"UT: 40.749353,-73.983986",40.749353,-73.983986
24112855,"UT: 40.855352,-73.93387",40.855352,-73.93387
24510170,"UT: 40.721678,-73.756308",40.721678,-73.756308
37833093,"UT: 40.80924,-73.94251",40.80924,-73.94251
90454304,"UT: 40.683176,-73.960138",40.683176,-73.960138
77830435,"UT: 40.693264,-73.729229",40.693264,-73.729229
21027122,"UT: 40.820704,-73.976992",40.820704,-73.976992
66500943,"UT: 40.861884,-73.927684",40.861884,-73.927684
19405148,"UT: 40.71911,-74.014455",40.71911,-74.014455
77224303,"UT: 40.67177,-73.889023",40.67177,-73.889023
60395903,"UT: 40.722904,-74.216017",40.722904,-74.216017
27351414,"UT: 40.672336,-73.800266",40.672336,-73.800266
17488247,"UT: 40.664059,-73.74276",40.664059,-73.74276
50657706,"UT: 40.676951,-73.930129",40.676951,-73.930129
76558067,"UT: 40.813123,-73.942696",40.813123,-73.942696
34838971,"UT: 40.80352,-74.009472",40.80352,-74.009472
31229453,"UT: 40.858604,-73.887438",40.858604,-73.887438
22444484,"UT: 40.587072,-73.990458",40.587072,-73.990458
37829063,"UT: 40.633018,-74.016556",40.633018,-74.016556
27141197,"UT: 40.850694,-73.910042",40.850694,-73.910042
70719959,"UT: 40.595716,-73.788361",40.595716,-73.788361
26499547,"UT: 40.809644,-73.949891",40.809644,-73.949891
35355102,"UT: 40.89855,-73.851745",40.89855,-73.851745
30161384,"UT: 40.696054,-73.753903",40.696054,-73.753903
28719593,"UT: 40.871642,-74.162118",40.871642,-74.162118
22698475,"UT: 40.816344,-73.939516",40.816344,-73.939516
32201205,"UT: 40.695442,-73.727484",40.695442,-73.727484
38197763,"UT: 40.767294,-73.969179",40.767294,-73.969179
31425622,"UT: 40.620398,-73.894707",40.620398,-73.894707
27181363,"UT: 40.774857,-73.961258",40.774857,-73.961258
56949735,"UT: 40.68507,-73.917667",40.68507,-73.917667
54049313,"UT: 40.866734,-73.896814",40.866734,-73.896814
58865469,"UT: 40.77099,-73.926862",40.77099,-73.926862
24427062,"UT: 40.628779,-73.90162",40.628779,-73.90162
57055812,"UT: 40.73143,-74.003822",40.73143,-74.003822
33601974,"UT: 40.827386,-73.92358",40.827386,-73.92358
24410696,"UT: 40.853742,-73.861028",40.853742,-73.861028
31332947,"UT: 40.781699,-74.046524",40.781699,-74.046524
21961302,"UT: 40.772055,-73.951366",40.772055,-73.951366
18700895,"UT: 40.775475,-73.953194",40.775475,-73.953194
19290723,"UT: 40.722603,-74.009872",40.722603,-74.009872
27679340,"UT: 40.693482,-73.951261",40.693482,-73.951261
25197167,"UT: 40.661675,-73.892598",40.661675,-73.892598
79291497,"UT: 40.66456,-73.705525",40.66456,-73.705525
44767865,"UT: 40.654165,-73.72749",40.654165,-73.72749
34548159,"UT: 40.834135,-73.945735",40.834135,-73.945735
16374396,"UT: 40.722064,-74.005715",40.722064,-74.005715
32335306,"UT: 40.841329,-73.863311",40.841329,-73.863311
73054848,"UT: 40.591514,-73.993638",40.591514,-73.993638
30371607,"UT: 40.638384,-73.920619",40.638384,-73.920619
90223531,"UT: 40.576065,-74.289293",40.576065,-74.289293
7994022,"UT: 40.683744,-74.001461",40.683744,-74.001461
31128236,"UT: 40.684356,-73.92276",40.684356,-73.92276
21715629,"UT: 40.741905,-74.065025",40.741905,-74.065025
54811312,"UT: 40.72548,-74.035923",40.72548,-74.035923
17136311,"UT: 40.699052,-73.983877",40.699052,-73.983877
56166421,"UT: 40.793698,-73.947825",40.793698,-73.947825
26924149,"UT: 40.655697,-73.950137",40.655697,-73.950137
41114309,"UT: 40.659989,-73.931659",40.659989,-73.931659
66001606,"UT: 40.859991,-73.909847",40.859991,-73.909847
38780082,"UT: 40.860538,-73.897916",40.860538,-73.897916
34085579,"UT: 40.844408,-73.853406",40.844408,-73.853406
19249871,"UT: 40.718653,-73.795449",40.718653,-73.795449
37804612,"UT: 40.874129,-73.851656",40.874129,-73.851656
50140281,"UT: 40.711914,-74.055352",40.711914,-74.055352
44636892,"UT: 40.817508,-73.917324",40.817508,-73.917324
49486562,"UT: 40.798644,-73.945089",40.798644,-73.945089
33828262,"UT: 40.680647,-73.942983",40.680647,-73.942983
80706281,"UT: 40.712996,-73.844991",40.712996,-73.844991
71645930,"UT: 40.683297,-73.934336",40.683297,-73.934336
27908844,"UT: 40.822021,-73.933355",40.822021,-73.933355
41687790,"UT: 40.52212,-74.26429",40.52212,-74.26429
27433735,"UT: 40.586202,-74.092516",40.586202,-74.092516
30472979,"UT: 40.761554,-73.995183",40.761554,-73.995183
37510960,"UT: 40.811005,-73.918822",40.811005,-73.918822
50010587,"UT: 40.800617,-74.195878",40.800617,-74.195878
24443686,"UT: 40.68631,-73.937959",40.68631,-73.937959
71531314,"UT: 40.626678,-73.955359",40.626678,-73.955359
26688320,"UT: 40.657771,-73.905863",40.657771,-73.905863
72653635,"UT: 40.697246,-74.205229",40.697246,-74.205229
57648453,"UT: 40.65248,-73.732792",40.65248,-73.732792
39107407,"UT: 40.655726,-73.905596",40.655726,-73.905596
36368544,"UT: 40.717424,-74.001302",40.717424,-74.001302
22100453,"UT: 40.651147,-73.934083",40.651147,-73.934083
54098787,"UT: 40.812943,-73.955714",40.812943,-73.955714
74079077,"UT: 40.628652,-73.901692",40.628652,-73.901692
19897191,"UT: 40.760687,-73.968973",40.760687,-73.968973
67533288,"UT: 40.680179,-73.782759",40.680179,-73.782759
62913401,"UT: 40.664347,-73.773559",40.664347,-73.773559
27908991,"UT: 40.741427,-74.007159",40.741427,-74.007159
24026000,"UT: 40.694032,-73.934511",40.694032,-73.934511
15342502,"UT: 40.654263,-73.921019",40.654263,-73.921019
61373354,"UT: 40.681074,-73.773224",40.681074,-73.773224
52779947,"UT: 40.713828,-73.753053",40.713828,-73.753053
30138964,"UT: 40.554549,-74.141826",40.554549,-74.141826
82547900,"UT: 40.713854,-73.753015",40.713854,-73.753015
46914516,"UT: 40.715459,-73.934494",40.715459,-73.934494
25467862,"UT: 40.838724,-73.914442",40.838724,-73.914442
68254687,"UT: 40.762715,-73.973311",40.762715,-73.973311
27474924,"UT: 40.663596,-73.937097",40.663596,-73.937097
31269083,"UT: 40.737531,-74.197126",40.737531,-74.197126
97012453,"UT: 40.739717,-73.989765",40.739717,-73.989765
44252154,"UT: 40.571154,-74.220272",40.571154,-74.220272
60619772,"UT: 40.706603,-73.7567",40.706603,-73.7567
33803994,"UT: 40.662387,-73.913582",40.662387,-73.913582
60084056,"UT: 40.822865,-73.94193",40.822865,-73.94193
9763872,"UT: 40.713242,-73.95733",40.713242,-73.95733
25205793,"UT: 40.733675,-73.779638",40.733675,-73.779638
61897764,"UT: 40.648241,-73.895756",40.648241,-73.895756
33152040,"UT: 40.875197,-73.859738",40.875197,-73.859738
18365483,"UT: 40.71835,-73.908684",40.71835,-73.908684
22084658,"UT: 40.812793,-73.953379",40.812793,-73.953379
54983731,"UT: 40.706247,-73.755725",40.706247,-73.755725
22961214,"UT: 40.757111,-73.985649",40.757111,-73.985649
61226071,"UT: 40.756401,-73.967581",40.756401,-73.967581
30497889,"UT: 40.692549,-73.768975",40.692549,-73.768975
49929314,"UT: 40.799495,-73.940199",40.799495,-73.940199
19938410,"UT: 40.725168,-74.005082",40.725168,-74.005082
28864360,"UT: 40.595025,-73.787005",40.595025,-73.787005
19078263,"UT: 40.817479,-73.904899",40.817479,-73.904899
25664643,"UT: 40.848481,-73.918706",40.848481,-73.918706
24337544,"UT: 40.771512,-73.959699",40.771512,-73.959699
25762957,"UT: 40.809053,-73.904936",40.809053,-73.904936
18619548,"UT: 40.729589,-73.990046",40.729589,-73.990046
22903967,"UT: 40.778173,-74.238244",40.778173,-74.238244
25541798,"UT: 40.676816,-73.918111",40.676816,-73.918111
25033916,"UT: 40.650129,-74.286685",40.650129,-74.286685
25337024,"UT: 40.809246,-74.001211",40.809246,-74.001211
47381711,"UT: 40.788319,-73.976991",40.788319,-73.976991
18153336,"UT: 40.608437,-74.13607",40.608437,-74.13607
41942235,"UT: 40.714269,-74.005972",40.714269,-74.005972
25394397,"UT: 40.661268,-73.958568",40.661268,-73.958568
50724067,"UT: 40.74746,-73.942762",40.74746,-73.942762
35663287,"UT: 40.725164,-74.002971",40.725164,-74.002971
36404459,"UT: 40.619632,-74.165209",40.619632,-74.165209
31661293,"UT: 40.759133,-73.978668",40.759133,-73.978668
59322237,"UT: 40.674211,-73.9641",40.674211,-73.9641
27201407,"UT: 40.754317,-74.207277",40.754317,-74.207277
31767828,"UT: 40.790266,-74.254757",40.790266,-74.254757
32636181,"UT: 40.691645,-73.752549",40.691645,-73.752549
20954405,"UT: 40.723248,-73.948787",40.723248,-73.948787
52198702,"UT: 40.632142,-73.738833",40.632142,-73.738833
78781748,"UT: 40.681074,-73.773224",40.681074,-73.773224
39394614,"UT: 40.629084,-73.946823",40.629084,-73.946823
22789438,"UT: 40.856697,-73.86812",40.856697,-73.86812
44875083,"UT: 40.74498,-73.994569",40.74498,-73.994569
37838156,"UT: 40.759513,-73.992086",40.759513,-73.992086
19840335,"UT: 40.720024,-74.005015",40.720024,-74.005015
25023715,"UT: 40.753238,-74.211097",40.753238,-74.211097
27876698,"UT: 40.86477,-73.963797",40.86477,-73.963797
66690404,"UT: 40.823218,-73.894825",40.823218,-73.894825
71593866,"UT: 40.819169,-73.918883",40.819169,-73.918883
19215052,"UT: 40.820531,-73.950755",40.820531,-73.950755
33332623,"UT: 40.798501,-73.952203",40.798501,-73.952203
70245780,"UT: 40.692438,-73.769213",40.692438,-73.769213
25755037,"UT: 40.81463,-73.848357",40.81463,-73.848357
25533855,"UT: 40.803042,-73.946913",40.803042,-73.946913
23797659,"UT: 40.746607,-73.977602",40.746607,-73.977602
52084151,"UT: 40.748736,-74.170305",40.748736,-74.170305
26918332,"UT: 40.668465,-73.894662",40.668465,-73.894662
25214400,"UT: 40.792192,-73.973414",40.792192,-73.973414
27794883,"UT: 40.742571,-73.778978",40.742571,-73.778978
18775495,"UT: 40.681723,-73.967569",40.681723,-73.967569
19348936,"UT: 40.70674,-74.26941",40.70674,-74.26941
49233354,"UT: 40.756277,-73.985500",40.756277,-73.9855
27262424,"UT: 40.695573,-73.966964",40.695573,-73.966964
56147419,"UT: 40.75,-73.997",40.75,-73.997
38791838,"UT: 40.629698,-73.956894",40.629698,-73.956894
29316348,"UT: 40.689459,-73.757259",40.689459,-73.757259
40707590,"UT: 40.714999,-73.978654",40.714999,-73.978654
59245822,"UT: 40.662407,-73.889087",40.662407,-73.889087
17006076,"UT: 40.710098,-74.004801",40.710098,-74.004801
30932479,"UT: 40.760392,-74.224637",40.760392,-74.224637
56229376,"UT: 40.669986,-73.809541",40.669986,-73.809541
50044428,"UT: 40.719666,-73.987212",40.719666,-73.987212
30106882,"UT: 40.801835,-73.946237",40.801835,-73.946237
38567438,"UT: 40.657763,-73.862621",40.657763,-73.862621
18621699,"UT: 40.664901,-73.830856",40.664901,-73.830856
25222677,"UT: 40.680019,-73.803768",40.680019,-73.803768
9002522,"UT: 40.630265,-74.260879",40.630265,-74.260879
35642913,"UT: 40.75226,-73.882878",40.75226,-73.882878
33964309,"UT: 40.846082,-73.92271",40.846082,-73.92271
23412657,"UT: 40.679534,-73.916899",40.679534,-73.916899
24616491,"UT: 40.648092,-73.783313",40.648092,-73.783313
51486257,"UT: 40.691008,-73.915893",40.691008,-73.915893
27172405,"UT: 40.685448,-74.099768",40.685448,-74.099768
62488118,"UT: 40.799903,-73.962579",40.799903,-73.962579
22403643,"UT: 40.838224,-73.858944",40.838224,-73.858944
20545088,"UT: 40.748578,-74.033157",40.748578,-74.033157
21061187,"UT: 40.608578,-74.089086",40.608578,-74.089086
14817891,"UT: 40.870827,-74.187966",40.870827,-74.187966
17759837,"UT: 40.615569,-73.917079",40.615569,-73.917079
68902494,"UT: 40.702836,-73.781212",40.702836,-73.781212
73014887,"UT: 40.633465,-73.881284",40.633465,-73.881284
52698732,"UT: 40.885567,-74.049293",40.885567,-74.049293
76454507,"UT: 40.870567,-73.848843",40.870567,-73.848843
52272779,"UT: 40.890225,-73.839563",40.890225,-73.839563
32324206,"UT: 40.667013,-73.71302",40.667013,-73.71302
39321241,"UT: 40.683156,-73.960186",40.683156,-73.960186
30580392,"UT: 40.829224,-73.942478",40.829224,-73.942478
25124522,"UT: 40.713537,-73.946025",40.713537,-73.946025
29284979,"UT: 40.812556,-73.905916",40.812556,-73.905916
15867574,"UT: 40.761745,-73.972464",40.761745,-73.972464
37756638,"UT: 40.763464,-73.97097",40.763464,-73.97097
54779620,"UT: 40.702511,-73.763933",40.702511,-73.763933
73670374,"UT: 40.636584,-73.952019",40.636584,-73.952019
25444083,"UT: 40.873747,-73.897812",40.873747,-73.897812
65535738,"UT: 40.855306,-73.970192",40.855306,-73.970192
54201041,"UT: 40.810427,-73.922928",40.810427,-73.922928
14660729,"UT: 40.753728,-73.998496",40.753728,-73.998496
23895831,"UT: 40.876902,-73.886204",40.876902,-73.886204
62275362,"UT: 40.761392,-73.98028",40.761392,-73.98028
37355303,"UT: 40.700656,-73.764177",40.700656,-73.764177
89595696,"UT: 40.731539,-74.008347",40.731539,-74.008347
24928059,"UT: 40.69065,-73.864125",40.69065,-73.864125
31304500,"UT: 40.765016,-73.97175",40.765016,-73.97175
24575856,"UT: 40.755004,-73.980072",40.755004,-73.980072
49201015,"UT: 40.690359,-73.908856",40.690359,-73.908856
24502136,"UT: 40.696822,-73.978933",40.696822,-73.978933
39305088,"UT: 40.69194,-73.90479",40.69194,-73.90479
26943370,"UT: 40.668614,-73.867515",40.668614,-73.867515
18399134,"UT: 40.713157,-73.781044",40.713157,-73.781044
56565681,"UT: 40.788972,-73.973426",40.788972,-73.973426
42037235,"UT: 40.684356,-73.92276",40.684356,-73.92276
26496175,"UT: 40.662332,-73.909286",40.662332,-73.909286
21946298,"UT: 40.749935,-73.994547",40.749935,-73.994547
49535939,"UT: 40.735516,-73.990874",40.735516,-73.990874
44523457,"UT: 40.667179,-73.908579",40.667179,-73.908579
27787203,"UT: 40.708315,-73.999674",40.708315,-73.999674
40719882,"UT: 40.83729,-73.887784",40.83729,-73.887784
47205031,"UT: 40.858816,-73.916101",40.858816,-73.916101
73016661,"UT: 40.627262,-73.926384",40.627262,-73.926384
